{
  "AWSTemplateFormatVersion": "2010-09-09",
  "Description": "",
  "Parameters": {
    "SNSTopicName": {
      "Type": "String",
      "Description": "SNS Topic Name",
      "ConstraintDescription": "SNS endpoint should be a valid HTTPS URL"
    },
    "SNSEndpoint": {
      "Type": "String",
      "Description": "Rest endpoint for SNS post notifications",
      "MinLength": "11",
      "AllowedPattern": "^https:\\/\\/[a-zA-Z0-9]+.[a-zA-Z0-9.\\/-]+$",
      "ConstraintDescription": "SNS endpoint should be a valid HTTPS URL"
    }    
  },
  "Resources": {
    "PrismaCloudSNS": {
      "Type": "AWS::SNS::Topic",
      "Properties": {
        "TopicName": {
          "Ref": "SNSTopicName"
        }
      }
    },
    "PrismaCloudSNSSubscription": {
      "Type": "AWS::SNS::Subscription",
      "Properties": {
        "TopicArn": {
          "Ref": "PrismaCloudSNS"
        },
        "Protocol": "https",
        "Endpoint": {
          "Ref": "SNSEndpoint"
        },
        "DeliveryPolicy": {
          "healthyRetryPolicy": {
            "numRetries": 10,
            "minDelayTarget": 10,
            "maxDelayTarget": 30,
            "numMinDelayRetries": 3,
            "numMaxDelayRetries": 7,
            "numNoDelayRetries": 0,
            "backoffFunction": "linear"
          }
        }
      }
    },
    "PrismaCloudSNSPolicy": {
      "Type": "AWS::SNS::TopicPolicy",
      "Properties": {
        "PolicyDocument": {
          "Version": "2012-10-17",
          "Statement": [
            {
              "Sid": "AWSCloudTrailSNSPolicy20131101",
              "Effect": "Allow",
              "Principal": {
                "Service": "cloudtrail.amazonaws.com"
              },
              "Action": "SNS:Publish",
              "Resource": {
                "Ref": "PrismaCloudSNS"
              }
            }
          ]
        },
        "Topics": [
          {
            "Ref": "PrismaCloudSNS"
          }
        ]
      }
    }
  },
  "Outputs": {
    "PrismaCloudSNSARN": {
      "Value": {
        "Ref": "PrismaCloudSNS"
      },
      "Description": "SNS ARN to configure within PrismaCloud Account Setup"
    }
  }
}
